{"cameraMode":{"drawMode":0,"name":"Shaded","section":"Shading Mode"},"sceneLighting":true,"audioPlay":false,"sceneViewState":{"m_AlwaysRefresh":false,"showFog":true,"showSkybox":true,"showFlares":true,"showImageEffects":true,"showParticleSystems":true,"showVisualEffectGraphs":true,"m_FxEnabled":true},"in2DMode":false,"pivot":{"x":-0.6267935037612915,"y":1.3213729858398438,"z":-0.8354768753051758},"rotation":{"x":0.25743749737739565,"y":-0.014493316411972046,"z":0.0038647260516881944,"w":0.9661850333213806},"size":8.812905311584473,"orthographic":false}